{
	"description": "项目配置文件",
	"packOptions": {
		"ignore": [],
		"include": []
	},
	"setting": {
		"bundle": false,
		"userConfirmedBundleSwitch": false,
		"urlCheck": true,
		"scopeDataCheck": false,
		"coverView": true,
		"es6": true,
		"postcss": true,
		"compileHotReLoad": false,
		"lazyloadPlaceholderEnable": false,
		"preloadBackgroundData": false,
		"minified": true,
		"autoAudits": false,
		"newFeature": false,
		"uglifyFileName": false,
		"uploadWithSourceMap": true,
		"useIsolateContext": true,
		"nodeModules": false,
		"enhance": true,
		"useMultiFrameRuntime": true,
		"useApiHook": true,
		"useApiHostProcess": true,
		"showShadowRootInWxmlPanel": true,
		"packNpmManually": false,
		"enableEngineNative": false,
		"packNpmRelationList": [],
		"minifyWXSS": true,
		"showES6CompileOption": false,
		"babelSetting": {
			"ignore": [],
			"disablePlugins": [],
			"outputPath": ""
		}
	},
	"compileType": "miniprogram",
	"libVersion": "2.20.0",
	"appid": "wxb2d5ec08280a5262",
	"projectname": "miniprogram-2",
	"condition": {},
	"editorSetting": {
		"tabIndent": "tab",
		"tabSize": 4
	},
	"simulatorPluginLibVersion": {}
}